{
  "original": {
    "path": "best_model.h5",
    "size_mb": 12.835273742675781,
    "parameters": 2595686,
    "inference_time_ms": 73.82119655609131,
    "fps": 13.546244800301677
  },
  "int8_quantized": {
    "path": "optimized_models\\model_quantized_int8.tflite",
    "size_mb": 2.9135971069335938,
    "inference_time_ms": null,
    "fps": null
  },
  "float16_quantized": {
    "path": "optimized_models\\model_quantized_float16.tflite",
    "size_mb": 4.900485992431641,
    "inference_time_ms": 7.493445873260498,
    "fps": 133.44995305409296
  }
}